question,answer
â— Como fazer uma reclamaÃ§Ã£o da Vivo?,"Para reclamar com a Vivo, basta ligar no 103 15"
ğŸ  Como sei que a cobertura da Vivo Fibra atende Ã  minha cidade?,"A Vivo estÃ¡ presente em mais de 5.000 estados brasileiros, mas para garantir que ela estÃ¡ em sua regiÃ£o, confira nossa pÃ¡gina de Cobertura Vivo"
ğŸ“ Qual o telefone de SAC da Vivo Internet?,"Para atendimento, problemas de conexÃ£o ou contato do suporte, ligue para *8486 ou 103 15. Se estiver fora do Brasil, entre em contato pelo telefone +55 11 3056 8628."
ğŸ“² Como entrar em contato com a Vivo para emissÃ£o de 2Âª via?,"Para emitir a segunda via da sua fatura, basta fazer cadastro no Meu Vivo e seguir o passo a passo para solicitar a emissÃ£o."
ğŸ“³ Qual o telefone da Vivo para falar com atendente?,O nÃºmero de telefone da Vivo para falar com atendente Ã© 0800 591 1135
Como saber se no meu CEP tem cobertura Vivo Fibra?,"A Vivo possui alcance nacional. Para maiores informaÃ§Ãµes sobre seu CEP especÃ­fico, ligue: 0800 580 2164"
O que Ã© Vivo Fibra?,"A Vivo Ã© pioneira em internet fibra no paÃ­s e a Vivo Fibra Ã© seu produto principal de internet atualmente. Desde que comprou a GVT em 2015, a Vivo tem evoluÃ­do e sendo bem avaliada tanto por consumidores como Ã³rgÃ£os reguladores como a Anatel como referÃªncia em serviÃ§os de Telecom."
O que Ã© internet fibra Ã³tica?,"A tecnologia de cabos de fibra Ã³tica Ã© a mais avanÃ§ada em territÃ³rio nacional, proporcionando aos consumidores internet que nÃ£o trava e de alta velocidade na sua casa."
Qual Ã© o nÃºmero da Vivo Fibra para SAC?,"Para Suporte TÃ©cnico, 2Âª via e dÃºvidas telefone de atendimento da Vivo Ã© 103 15"
ğŸ§ Qual nÃºmero ligar para falar com o Suporte ao Cliente?,"Se vocÃª quer falar com um atendente SKY para resolver qualquer outro assunto, ligue para 106 11."
ğŸ“ Qual Ã© o telefone da SKY para contratar?,"Para contratar o seu pacote SKY TV, ligue para 3003 0612."
ğŸ“º Vale a pena assinar SKY PÃ³s Pago?,Isso vai depender do que vocÃª precisa e do quanto vocÃª pode pagar por este tipo de serviÃ§o. Vale desacar que clientes SKY PÃ³s pago costumam ganhar algumas vantagens a mais!
ğŸ” Qual Ã© o melhor pacote SKY TV?,"O pacote ideal Ã© aquele que cabe no seu bolso e atende Ã s suas necessidades. Por isso, Ã© importante que vocÃª conheÃ§a bem o seu perfil de consumo antes de fazer a sua escolha."
ğŸ’°Qual o plano mais barato da Vivo?,"O plano vivo mais barato entre os planos controle e pÃ³s Ã© o Vivo Controle 4GB, uma oferta da Vivo por R$54,99/mÃªs, com diversos benefÃ­cios como WhatsApp sem desconto de franquia e SMS Ã  vontade!"
ğŸ’¸Qual o valor dos planos da Vivo?,"- Planos Vivo PrÃ© a partir de R$8,99/mÃªs - Planos Vivo PÃ³s a partir de R$129,99/mÃªs - Planos Vivo Internet a partir de R$89,99/mÃªs - Planos Vivo TV a partir de R$84,99/mÃªs"
ğŸ¤”Quais os melhores planos da Vivo?,"Entra os melhores planos da vivo, conheÃ§a os destaques: - Plano Vivo Controle 5GB + BenefÃ­cios por R$84,99/mÃªs - Plano Vivo Controle 4GB + BenefÃ­cios por R$54,99/mÃªs - Plano Vivo Fibra ASSINE 100 E LEVE 200 MEGA por R$99,99/mÃªs - Plano Vivo Combo Internet 200 MEGA + Vivo TV Super HD por R$189,99/mÃªs"
ğŸ¤”Quais os planos da Vivo Controle?,"Saiba quais sÃ£o os planos da vivo controle: - Plano Vivo Controle Mensal 3,5GB + BenefÃ­cios por R$54,99/mÃªs - Plano Vivo Controle Mensal 4GB + BenefÃ­cios por R$69,99/mÃªs - Plano Vivo Controle Mensal 5GB + BenefÃ­cios por R$84,99/mÃªs - Plano Vivo Controle Anual 4GB + BenefÃ­cios por R$54,99/mÃªs - Plano Vivo Controle Anual 5GB + BenefÃ­cios por R$69,99/mÃªs"
ğŸ‘©â€ğŸ‘©â€ğŸ‘§â€ğŸ‘§ Preciso ter dependente para assinar o TIM Black FamÃ­lia?,NÃ£o. VocÃª pode contratar e usar o pacote sem dividir com ninguÃ©m.
ğŸ“³ Como funciona o plano TIM pÃ³s??,"Assinando qualquer um dos pacotes pÃ³s-pago da TIM, vocÃª sÃ³ efetuarÃ¡ o pagamento apÃ³s 30 dias do contrato, em uma fatura. O pagamento deverÃ¡ ser realizado mensalmente, evitando assim, que seus benefÃ­cios sejam cancelados."
ğŸ¤” Assinando o TIM PÃ³s-pago irei pagar algo a mais alÃ©m da oferta?,"Se estiver incluso no pacote adquirido, nÃ£o. Mas caso vocÃª use algum serviÃ§o que nÃ£o estÃ¡ incluso no pacote, o valor (a mais) serÃ¡ cobrado em sua fatura."
ğŸ“º Vale a pena assinar SKY PrÃ© Pago?,Isso vai depender do que vocÃª precisa e do quanto vocÃª pode pagar por este tipo de serviÃ§o. Vale destacar que clientes SKY PÃ³s pago costumam ganhar algumas vantagens a mais!
ğŸ¤” Como escolher o melhor pacote SKY TV?,"Antes de contratar seu pacote SKY TV, veja quais sÃ£o os canais que nÃ£o podem faltar na sua casa! Depois, Ã© sÃ³ conferir as opÃ§Ãµes oferecidas em cada pacote e decidir qual deles atende melhor Ã  sua necessidade e ao seu bolso!"
ğŸ¤© Qual Ã© o telefone da SKY para contratar?,"Para contratar o seu pacote SKY TV, ligue para 0800 941 9577."
â˜ Como solicitar reparo Vivo Fixo?,1.Ligue para o 1058 2.Aguarde o atendimento Vivo iniciar 3.Tecle a opÃ§Ã£o correspondente e fale com o atendente sobre o Telefone Vivo
ğŸ“„ Como tirar 2 via da Vivo Fixo?,"1.Baixe o Meu Vivo Fixo e entre na Ã¡rea de atendimento do site; 2.Entre em 2Âª via da conta fixa; 3.Digite seu nÃºmero de telefone Vivo, alÃ©m do DDD e CPF quando for solicitado; 4.Aperte o botÃ£o AvanÃ§ar e insira o dia de vencimento da fatura; 5.Pronto! A Vivo vai disponibilizar o seu boleto."
ğŸ“ Como falar com a Vivo Fixo?,Telefone Vivo Fixo para comprar plano: 0800-510-1515 Vivo Fixo 2a via: *8486 Atendimento Vivo Fixo: 103 15
